{"stats":{"minecraft:custom":{"minecraft:open_barrel":10,"minecraft:time_since_rest":49848,"minecraft:open_chest":7,"minecraft:crouch_one_cm":245,"minecraft:sprint_one_cm":92862,"minecraft:play_time":63681,"minecraft:walk_one_cm":27207,"minecraft:deaths":1,"minecraft:sneak_time":299,"minecraft:walk_under_water_one_cm":646,"minecraft:mob_kills":4,"minecraft:drop":3,"minecraft:jump":918,"minecraft:damage_dealt":655,"minecraft:interact_with_blast_furnace":1,"minecraft:leave_game":2,"minecraft:walk_on_water_one_cm":2406,"minecraft:time_since_death":49793,"minecraft:climb_one_cm":1425,"minecraft:total_world_time":63681,"minecraft:swim_one_cm":7343,"minecraft:fall_one_cm":1031,"minecraft:fly_one_cm":844070,"minecraft:damage_taken":20},"minecraft:used":{"simplyswords:shadowsting":7,"simplyswords:watching_warglaive":2,"minecraft:dark_prismarine":5,"simplyswords:tempest":2,"minecraft:acacia_planks":1,"simplyswords:ribboncleaver":9},"minecraft:dropped":{"minecraft:snow":64,"minecraft:arrow":1,"minecraft:bone":1},"minecraft:picked_up":{"minecraft:arrow":2,"minecraft:bone":1,"minecraft:apple":1,"minecraft:sweet_berries":46},"minecraft:killed":{"minecraft:skeleton":3,"minecraft:stray":1}},"DataVersion":3465}