{"stats":{"minecraft:used":{"simplyswords:watching_warglaive":2,"minecraft:dark_prismarine":5,"simplyswords:tempest":2,"minecraft:acacia_planks":1,"simplyswords:ribboncleaver":9,"simplyswords:shadowsting":7},"minecraft:custom":{"minecraft:open_barrel":10,"minecraft:time_since_rest":50428,"minecraft:open_chest":7,"minecraft:crouch_one_cm":246,"minecraft:damage_taken":20,"minecraft:play_time":64261,"minecraft:sprint_one_cm":92862,"minecraft:deaths":1,"minecraft:walk_one_cm":27387,"minecraft:sneak_time":305,"minecraft:walk_under_water_one_cm":646,"minecraft:mob_kills":4,"minecraft:drop":3,"minecraft:jump":919,"minecraft:damage_dealt":655,"minecraft:interact_with_blast_furnace":1,"minecraft:leave_game":4,"minecraft:time_since_death":50373,"minecraft:walk_on_water_one_cm":2406,"minecraft:climb_one_cm":1425,"minecraft:total_world_time":64261,"minecraft:swim_one_cm":7343,"minecraft:fall_one_cm":1031,"minecraft:fly_one_cm":845902},"minecraft:picked_up":{"minecraft:arrow":2,"minecraft:bone":1,"minecraft:sweet_berries":46,"minecraft:apple":1},"minecraft:killed":{"minecraft:skeleton":3,"minecraft:stray":1},"minecraft:dropped":{"minecraft:snow":64,"minecraft:arrow":1,"minecraft:bone":1}},"DataVersion":3465}