{
  "dungeons_arise:wda_root": {
    "criteria": {
      "WDA": "2024-06-08 18:00:49 +0000"
    },
    "done": true
  },
  "minecraft:recipes/decorations/crafting_table": {
    "criteria": {
      "unlock_right_away": "2024-06-08 18:00:49 +0000"
    },
    "done": true
  },
  "minecraft:adventure/adventuring_time": {
    "criteria": {
      "minecraft:snowy_slopes": "2024-06-08 18:00:51 +0000",
      "minecraft:dripstone_caves": "2024-06-08 18:01:05 +0000",
      "minecraft:ice_spikes": "2024-06-08 18:01:19 +0000"
    },
    "done": false
  },
  "DataVersion": 3465
}